system:index,month,ndvi_mean,ndwi_max,ndwi_mean,rainfall_mm_x,year,.geo,year_month,temperature_c,rainfall_mm,humidity_percent,month_sin,month_cos,ndvi_mean_lag1,ndwi_mean_lag1,ndwi_mean_lag2,rainfall_lag1,rainfall_lag2,rainfall_roll3,temperature_lag1,humidity_lag1,rain_humidity_interaction_lag1,flood_risk
3,4,0.4029918204314445,0.1768433179723502,-0.3342063462815173,99.69645703589276,2018,"{""type"":""MultiPoint"",""coordinates"":[]}",2018-04,22.23,150.6,82.77,0.8660254037844387,-0.4999999999999998,0.4364197054341022,-0.3654748295532759,-0.4490735818339548,34.1,7.8,14.433333333333332,22.13,67.19,2291.179,0
4,5,0.3996647868947321,0.0854826823876197,-0.3362644645721531,353.4428574405455,2018,"{""type"":""MultiPoint"",""coordinates"":[]}",2018-05,21.26,401.1,90.39,0.49999999999999994,-0.8660254037844387,0.4029918204314445,-0.3342063462815173,-0.3654748295532759,150.6,34.1,64.16666666666667,22.23,82.77,12465.161999999998,0
5,6,0.0444817345420057,0.0548656284907024,-0.0552380384178028,847.522451425716,2018,"{""type"":""MultiPoint"",""coordinates"":[]}",2018-06,19.66,727.2,96.43,1.2246467991473532e-16,-1.0,0.3996647868947321,-0.3362644645721531,-0.3342063462815173,401.1,150.6,195.26666666666665,21.26,90.39,36255.429000000004,1
6,7,0.0056542520299515,0.0846733156930592,-0.0229805124072133,808.2678659743007,2018,"{""type"":""MultiPoint"",""coordinates"":[]}",2018-07,18.94,835.1,97.16,-0.4999999999999997,-0.8660254037844388,0.0444817345420057,-0.0552380384178028,-0.3362644645721531,727.2,401.1,426.3,19.66,96.43,70123.89600000001,1
7,8,0.0167253425994276,0.0313146084413292,-0.0332923214139912,694.0480619701865,2018,"{""type"":""MultiPoint"",""coordinates"":[]}",2018-08,18.44,752.2,96.58,-0.8660254037844384,-0.5000000000000004,0.0056542520299515,-0.0229805124072133,-0.0552380384178028,835.1,727.2,654.4666666666667,18.94,97.16,81138.316,1
8,9,0.3755676508437143,0.5960334029227558,-0.3214683913477144,129.7878114112933,2018,"{""type"":""MultiPoint"",""coordinates"":[]}",2018-09,19.5,129.8,88.23,-1.0,-1.8369701987210297e-16,0.0167253425994276,-0.0332923214139912,-0.0229805124072133,752.2,835.1,771.5,18.44,96.58,72647.47600000001,0
9,10,0.2956755979781755,0.3517191977077364,-0.2463522700986774,189.60169235696748,2018,"{""type"":""MultiPoint"",""coordinates"":[]}",2018-10,20.15,225.9,82.32,-0.8660254037844386,0.5000000000000001,0.3755676508437143,-0.3214683913477144,-0.0332923214139912,129.8,752.2,572.3666666666667,19.5,88.23,11452.254,0
10,11,0.3264526027742118,0.2819383259911894,-0.2768249585947845,20.89769555156819,2018,"{""type"":""MultiPoint"",""coordinates"":[]}",2018-11,20.16,91.5,76.37,-0.5000000000000004,0.8660254037844384,0.2956755979781755,-0.2463522700986774,-0.3214683913477144,225.9,129.8,369.29999999999995,20.15,82.32,18596.088,0
11,12,0.5178916825557879,0.3896894012167787,-0.410478899020588,32.00030188926208,2018,"{""type"":""MultiPoint"",""coordinates"":[]}",2018-12,19.66,16.4,77.23,-2.4492935982947064e-16,1.0,0.3264526027742118,-0.2768249585947845,-0.2463522700986774,91.5,225.9,149.06666666666663,20.16,76.37,6987.8550000000005,0
0,1,0.5533826867478319,0.5115661736822147,-0.4539658360978605,4.593608167279308,2019,"{""type"":""MultiPoint"",""coordinates"":[]}",2019-01,18.75,2.0,60.94,0.49999999999999994,0.8660254037844387,0.5178916825557879,-0.410478899020588,-0.2768249585947845,16.4,91.5,111.26666666666664,19.66,77.23,1266.572,0
1,2,0.5136934634226774,0.4668101901686401,-0.4223584012493295,4.119710998673201,2019,"{""type"":""MultiPoint"",""coordinates"":[]}",2019-02,21.05,26.3,63.07,0.8660254037844386,0.5000000000000001,0.5533826867478319,-0.4539658360978605,-0.410478899020588,2.0,16.4,36.6333333333333,18.75,60.94,121.88,0
2,3,0.5358267372783626,0.3904761904761905,-0.4544524364049186,5.195833727196612,2019,"{""type"":""MultiPoint"",""coordinates"":[]}",2019-03,22.45,25.9,67.03,1.0,6.123233995736766e-17,0.5136934634226774,-0.4223584012493295,-0.4539658360978605,26.3,2.0,14.899999999999963,21.05,63.07,1658.741,0
3,4,0.5374630737461683,0.2917857142857142,-0.4476868352551255,60.6466641041503,2019,"{""type"":""MultiPoint"",""coordinates"":[]}",2019-04,22.63,97.8,80.6,0.8660254037844387,-0.4999999999999998,0.5358267372783626,-0.4544524364049186,-0.4223584012493295,25.9,26.3,18.06666666666663,22.45,67.03,1736.077,0
4,5,0.5121011332983753,0.1929140832595217,-0.4240512928147872,128.56276436657734,2019,"{""type"":""MultiPoint"",""coordinates"":[]}",2019-05,22.15,129.5,86.68,0.49999999999999994,-0.8660254037844387,0.5374630737461683,-0.4476868352551255,-0.4544524364049186,97.8,25.9,49.999999999999964,22.63,80.6,7882.679999999999,0
5,6,0.1866116611592132,0.0958333333333333,-0.1734136746498081,406.9044801516556,2019,"{""type"":""MultiPoint"",""coordinates"":[]}",2019-06,20.72,311.2,93.0,1.2246467991473532e-16,-1.0,0.5121011332983753,-0.4240512928147872,-0.4476868352551255,129.5,97.8,84.39999999999996,22.15,86.68,11225.060000000001,0
6,7,0.0202130912972796,0.0818904342889582,-0.0328161775468909,503.478952316184,2019,"{""type"":""MultiPoint"",""coordinates"":[]}",2019-07,19.32,690.6,96.68,-0.4999999999999997,-0.8660254037844388,0.1866116611592132,-0.1734136746498081,-0.4240512928147872,311.2,129.5,179.49999999999997,20.72,93.0,28941.6,1
7,8,0.0424094303290255,0.1374545454545454,-0.0521158507745922,1041.8887955037346,2019,"{""type"":""MultiPoint"",""coordinates"":[]}",2019-08,19.15,561.8,96.77,-0.8660254037844384,-0.5000000000000004,0.0202130912972796,-0.0328161775468909,-0.1734136746498081,690.6,311.2,377.0999999999999,19.32,96.68,66767.20800000001,1
8,9,0.0777793290229155,0.2432900432900432,-0.0813139028784396,214.1224788191097,2019,"{""type"":""MultiPoint"",""coordinates"":[]}",2019-09,19.65,434.3,94.17,-1.0,-1.8369701987210297e-16,0.0424094303290255,-0.0521158507745922,-0.0328161775468909,561.8,690.6,521.1999999999999,19.15,96.77,54365.38599999999,1
9,10,0.2949670214731346,0.2237707073363134,-0.2502835597639104,295.375774993637,2019,"{""type"":""MultiPoint"",""coordinates"":[]}",2019-10,19.69,512.6,93.0,-0.8660254037844386,0.5000000000000001,0.0777793290229155,-0.0813139028784396,-0.0521158507745922,434.3,561.8,562.2333333333332,19.65,94.17,40898.031,0
10,11,0.5199787817293553,0.4437367303609342,-0.4132940007587432,70.22675338035602,2019,"{""type"":""MultiPoint"",""coordinates"":[]}",2019-11,20.23,100.1,83.77,-0.5000000000000004,0.8660254037844384,0.2949670214731346,-0.2502835597639104,-0.0813139028784396,512.6,434.3,502.8999999999999,19.69,93.0,47671.8,0
11,12,0.523943633620256,0.3920668058455114,-0.4184142811538328,45.643214161296015,2019,"{""type"":""MultiPoint"",""coordinates"":[]}",2019-12,19.77,54.1,79.94,-2.4492935982947064e-16,1.0,0.5199787817293553,-0.4132940007587432,-0.2502835597639104,100.1,512.6,348.99999999999994,20.23,83.77,8385.376999999999,0
0,1,0.6049679431065331,0.5143866733972741,-0.4858891634607624,4.677958975147611,2020,"{""type"":""MultiPoint"",""coordinates"":[]}",2020-01,20.2,4.3,72.9,0.49999999999999994,0.8660254037844387,0.523943633620256,-0.4184142811538328,-0.4132940007587432,54.1,100.1,222.26666666666665,19.77,79.94,4324.754,0
1,2,0.5362432374629567,0.3725202057310801,-0.433099920668302,5.760003438547259,2020,"{""type"":""MultiPoint"",""coordinates"":[]}",2020-02,21.02,7.3,66.9,0.8660254037844386,0.5000000000000001,0.6049679431065331,-0.4858891634607624,-0.4184142811538328,4.3,54.1,52.83333333333326,20.2,72.9,313.47,0
2,3,0.5337237090324153,0.3241330502476999,-0.4468616755172359,9.148303080167818,2020,"{""type"":""MultiPoint"",""coordinates"":[]}",2020-03,22.13,34.5,73.16,1.0,6.123233995736766e-17,0.5362432374629567,-0.433099920668302,-0.4858891634607624,7.3,4.3,21.899999999999924,21.02,66.9,488.37,0
3,4,0.5014495793318338,0.2668203730874031,-0.4158616002133076,75.15369509873095,2020,"{""type"":""MultiPoint"",""coordinates"":[]}",2020-04,22.45,120.6,82.43,0.8660254037844387,-0.4999999999999998,0.5337237090324153,-0.4468616755172359,-0.433099920668302,34.5,7.3,15.36666666666659,22.13,73.16,2524.02,0
4,5,0.388576465780181,0.1030126336248785,-0.3295141974747858,194.2589772182984,2020,"{""type"":""MultiPoint"",""coordinates"":[]}",2020-05,22.25,144.7,88.9,0.49999999999999994,-0.8660254037844387,0.5014495793318338,-0.4158616002133076,-0.4468616755172359,120.6,34.5,54.13333333333326,22.45,82.43,9941.058,0
5,6,0.2038934985000005,0.3001255755546254,-0.1852481158958106,583.8109798911364,2020,"{""type"":""MultiPoint"",""coordinates"":[]}",2020-06,20.13,299.2,94.27,1.2246467991473532e-16,-1.0,0.388576465780181,-0.3295141974747858,-0.4158616002133076,144.7,120.6,99.93333333333324,22.25,88.9,12863.83,0
6,7,0.0754520854394597,0.0350052485053169,-0.0815567097607564,866.0660925242806,2020,"{""type"":""MultiPoint"",""coordinates"":[]}",2020-07,19.68,438.8,94.55,-0.4999999999999997,-0.8660254037844388,0.2038934985000005,-0.1852481158958106,-0.3295141974747858,299.2,144.7,188.1666666666666,20.13,94.27,28205.584,1
7,8,0.0282406015312438,0.0274267802918993,-0.0416958841648195,716.6961503267927,2020,"{""type"":""MultiPoint"",""coordinates"":[]}",2020-08,19.4,594.8,94.42,-0.8660254037844384,-0.5000000000000004,0.0754520854394597,-0.0815567097607564,-0.1852481158958106,438.8,299.2,294.2333333333333,19.68,94.55,41488.54,1
8,9,0.1366961589214732,0.3417976622329706,-0.130720362941661,434.8865785812668,2020,"{""type"":""MultiPoint"",""coordinates"":[]}",2020-09,19.49,544.2,94.57,-1.0,-1.8369701987210297e-16,0.0282406015312438,-0.0416958841648195,-0.0815567097607564,594.8,438.8,444.2666666666666,19.4,94.42,56161.015999999996,1
9,10,0.2415935625795346,0.3438556933483653,-0.2093702680441678,169.61643466587265,2020,"{""type"":""MultiPoint"",""coordinates"":[]}",2020-10,19.52,201.9,89.9,-0.8660254037844386,0.5000000000000001,0.1366961589214732,-0.130720362941661,-0.0416958841648195,544.2,594.8,525.9333333333333,19.49,94.57,51464.994,0
10,11,0.5003326237507334,0.4610136452241715,-0.4017690144260566,48.08405003556953,2020,"{""type"":""MultiPoint"",""coordinates"":[]}",2020-11,20.05,74.0,79.57,-0.5000000000000004,0.8660254037844384,0.2415935625795346,-0.2093702680441678,-0.130720362941661,201.9,544.2,446.96666666666664,19.52,89.9,18150.81,0
11,12,0.530980459513725,0.3887850467289719,-0.4334708395078274,24.36667419604792,2020,"{""type"":""MultiPoint"",""coordinates"":[]}",2020-12,19.77,31.6,75.52,-2.4492935982947064e-16,1.0,0.5003326237507334,-0.4017690144260566,-0.2093702680441678,74.0,201.9,273.3666666666666,20.05,79.57,5888.179999999999,0
0,1,0.5373927566214396,0.3343202566000493,-0.4324894998667415,37.52323563508679,2021,"{""type"":""MultiPoint"",""coordinates"":[]}",2021-01,19.49,81.7,77.55,0.49999999999999994,0.8660254037844387,0.530980459513725,-0.4334708395078274,-0.4017690144260566,31.6,74.0,102.49999999999996,19.77,75.52,2386.432,0
1,2,0.5742519151059469,0.3987941429801895,-0.4647134521502475,8.336375057435344,2021,"{""type"":""MultiPoint"",""coordinates"":[]}",2021-02,19.63,20.8,70.36,0.8660254037844386,0.5000000000000001,0.5373927566214396,-0.4324894998667415,-0.4334708395078274,81.7,31.6,62.4333333333333,19.49,77.55,6335.835,0
2,3,0.5490000439202173,0.3318402388951101,-0.452731175328794,21.278170325595017,2021,"{""type"":""MultiPoint"",""coordinates"":[]}",2021-03,22.06,12.1,68.29,1.0,6.123233995736766e-17,0.5742519151059469,-0.4647134521502475,-0.4324894998667415,20.8,81.7,44.69999999999997,19.63,70.36,1463.488,0
3,4,0.5113251806763466,0.2991568296795953,-0.4196976190220092,95.8309331247909,2021,"{""type"":""MultiPoint"",""coordinates"":[]}",2021-04,21.66,166.7,85.87,0.8660254037844387,-0.4999999999999998,0.5490000439202173,-0.452731175328794,-0.4647134521502475,12.1,20.8,38.19999999999997,22.06,68.29,826.3090000000001,0
4,5,0.187748430086331,0.1795302013422818,-0.1705139510867173,258.65845326159854,2021,"{""type"":""MultiPoint"",""coordinates"":[]}",2021-05,20.78,349.5,92.1,0.49999999999999994,-0.8660254037844387,0.5113251806763466,-0.4196976190220092,-0.452731175328794,166.7,12.1,66.53333333333329,21.66,85.87,14314.529,0
5,6,0.1717620635290474,0.1416490486257928,-0.161922197192816,357.18820892653747,2021,"{""type"":""MultiPoint"",""coordinates"":[]}",2021-06,19.77,366.9,93.43,1.2246467991473532e-16,-1.0,0.187748430086331,-0.1705139510867173,-0.4196976190220092,349.5,166.7,176.09999999999994,20.78,92.1,32188.949999999997,1
6,7,0.0406675517698451,0.047911787665886,-0.0509665807280841,855.0516509394386,2021,"{""type"":""MultiPoint"",""coordinates"":[]}",2021-07,19.13,842.6,96.48,-0.4999999999999997,-0.8660254037844388,0.1717620635290474,-0.161922197192816,-0.1705139510867173,366.9,349.5,294.3666666666666,19.77,93.43,34279.467,1
7,8,0.020475492287104,0.0362446268073466,-0.0336604951535016,512.0630292046335,2021,"{""type"":""MultiPoint"",""coordinates"":[]}",2021-08,19.21,484.2,95.29,-0.8660254037844384,-0.5000000000000004,0.0406675517698451,-0.0509665807280841,-0.161922197192816,842.6,366.9,519.6666666666666,19.13,96.48,81294.04800000001,1
8,9,0.0674380144867269,0.1456410256410256,-0.0727282192832529,182.80515575542,2021,"{""type"":""MultiPoint"",""coordinates"":[]}",2021-09,19.42,348.1,94.1,-1.0,-1.8369701987210297e-16,0.020475492287104,-0.0336604951535016,-0.0509665807280841,484.2,842.6,564.5666666666666,19.21,95.29,46139.418000000005,1
9,10,0.0692517960044604,0.0948952879581151,-0.0744246537795397,472.6085100586369,2021,"{""type"":""MultiPoint"",""coordinates"":[]}",2021-10,20.07,274.9,91.13,-0.8660254037844386,0.5000000000000001,0.0674380144867269,-0.0727282192832529,-0.0336604951535016,348.1,484.2,558.3,19.42,94.1,32756.21,1
10,11,0.1016645211291973,0.0630438643225004,-0.0973696260249858,174.9437069010255,2021,"{""type"":""MultiPoint"",""coordinates"":[]}",2021-11,19.39,262.3,89.93,-0.5000000000000004,0.8660254037844384,0.0692517960044604,-0.0744246537795397,-0.0727282192832529,274.9,348.1,369.0666666666666,20.07,91.13,25051.636999999995,1
11,12,0.5255167023461463,0.3979410720624778,-0.4131843768114809,20.83445758191448,2021,"{""type"":""MultiPoint"",""coordinates"":[]}",2021-12,19.42,20.0,76.26,-2.4492935982947064e-16,1.0,0.1016645211291973,-0.0973696260249858,-0.0744246537795397,262.3,274.9,295.09999999999997,19.39,89.93,23588.639000000003,0
0,1,0.4808802689161577,0.3316677076826983,-0.3803025280493165,7.304357335928112,2022,"{""type"":""MultiPoint"",""coordinates"":[]}",2022-01,19.64,3.2,68.87,0.49999999999999994,0.8660254037844387,0.5255167023461463,-0.4131843768114809,-0.0973696260249858,20.0,262.3,185.73333333333326,19.42,76.26,1525.2,0
1,2,0.3370793046311445,0.1636700648748841,-0.2824756533170984,4.231477437492248,2022,"{""type"":""MultiPoint"",""coordinates"":[]}",2022-02,20.79,3.1,64.54,0.8660254037844386,0.5000000000000001,0.4808802689161577,-0.3803025280493165,-0.4131843768114809,3.2,20.0,95.16666666666663,19.64,68.87,220.38400000000001,0
2,3,0.2918636737517328,0.1250334672021419,-0.2468169618222777,31.632604989497125,2022,"{""type"":""MultiPoint"",""coordinates"":[]}",2022-03,21.92,85.1,68.48,1.0,6.123233995736766e-17,0.3370793046311445,-0.2824756533170984,-0.3803025280493165,3.1,3.2,8.766666666666628,20.79,64.54,200.074,0
3,4,0.3142718151950437,0.0979486482814834,-0.26243263284706,154.41826787151268,2022,"{""type"":""MultiPoint"",""coordinates"":[]}",2022-04,22.08,132.6,84.43,0.8660254037844387,-0.4999999999999998,0.2918636737517328,-0.2468169618222777,-0.2824756533170984,85.1,3.1,30.466666666666626,21.92,68.48,5827.648,0
4,5,0.1950896156092292,0.0775652173913043,-0.1708962055473271,231.06843719241817,2022,"{""type"":""MultiPoint"",""coordinates"":[]}",2022-05,20.4,350.5,92.74,0.49999999999999994,-0.8660254037844387,0.3142718151950437,-0.26243263284706,-0.2468169618222777,132.6,85.1,73.59999999999995,22.08,84.43,11195.418,0
5,6,0.0558316442057456,0.0322173089071383,-0.0614803742954257,402.60313114295,2022,"{""type"":""MultiPoint"",""coordinates"":[]}",2022-06,19.89,275.0,92.77,1.2246467991473532e-16,-1.0,0.1950896156092292,-0.1708962055473271,-0.26243263284706,350.5,132.6,189.39999999999995,20.4,92.74,32505.37,1
6,7,0.0443708572788101,0.0993319268635724,-0.0524480587696288,1091.505423169203,2022,"{""type"":""MultiPoint"",""coordinates"":[]}",2022-07,18.88,679.1,96.03,-0.4999999999999997,-0.8660254037844388,0.0558316442057456,-0.0614803742954257,-0.1708962055473271,275.0,350.5,252.69999999999996,19.89,92.77,25511.75,1
7,8,0.0387148647463888,0.0303152925307705,-0.0463947581915753,914.530583499939,2022,"{""type"":""MultiPoint"",""coordinates"":[]}",2022-08,18.99,519.6,94.52,-0.8660254037844384,-0.5000000000000004,0.0443708572788101,-0.0524480587696288,-0.0614803742954257,679.1,275.0,434.8666666666666,18.88,96.03,65213.973000000005,1
8,9,0.1157048686093558,0.1033700215590604,-0.1108447193873128,195.3132204242351,2022,"{""type"":""MultiPoint"",""coordinates"":[]}",2022-09,19.42,260.9,91.93,-1.0,-1.8369701987210297e-16,0.0387148647463888,-0.0463947581915753,-0.0524480587696288,519.6,679.1,491.2333333333333,18.99,94.52,49112.592,1
9,10,0.2221316558555054,0.1688980432543769,-0.1910830441663324,166.69918100243177,2022,"{""type"":""MultiPoint"",""coordinates"":[]}",2022-10,19.43,233.3,86.9,-0.8660254037844386,0.5000000000000001,0.1157048686093558,-0.1108447193873128,-0.0463947581915753,260.9,519.6,486.5333333333333,19.42,91.93,23984.537,0
10,11,0.1457697360541158,0.0899886090368307,-0.1285256559544619,50.08613694297647,2022,"{""type"":""MultiPoint"",""coordinates"":[]}",2022-11,19.3,67.8,80.6,-0.5000000000000004,0.8660254037844384,0.2221316558555054,-0.1910830441663324,-0.1108447193873128,233.3,260.9,337.9333333333332,19.43,86.9,20273.770000000004,1
11,12,0.1926830941484265,0.2330149189653322,-0.165541858063172,56.12421502935626,2022,"{""type"":""MultiPoint"",""coordinates"":[]}",2022-12,19.06,51.3,75.29,-2.4492935982947064e-16,1.0,0.1457697360541158,-0.1285256559544619,-0.1910830441663324,67.8,233.3,187.33333333333326,19.3,80.6,5464.679999999999,1
0,1,0.350420121497791,0.1983805668016194,-0.291226711621798,5.226845633863117,2023,"{""type"":""MultiPoint"",""coordinates"":[]}",2023-01,18.82,13.6,63.74,0.49999999999999994,0.8660254037844387,0.1926830941484265,-0.165541858063172,-0.1285256559544619,51.3,67.8,117.46666666666658,19.06,75.29,3862.377,0
1,2,0.3478808297105244,0.206266318537859,-0.2952843982108518,4.30824549452082,2023,"{""type"":""MultiPoint"",""coordinates"":[]}",2023-02,20.71,0.2,54.07,0.8660254037844386,0.5000000000000001,0.350420121497791,-0.291226711621798,-0.165541858063172,13.6,51.3,44.233333333333256,18.82,63.74,866.864,0
2,3,0.3521272264060682,0.1851924587588373,-0.3063513582899189,6.36062011173223,2023,"{""type"":""MultiPoint"",""coordinates"":[]}",2023-03,21.96,9.6,52.65,1.0,6.123233995736766e-17,0.3478808297105244,-0.2952843982108518,-0.291226711621798,0.2,13.6,21.69999999999992,20.71,54.07,10.814,0
3,4,0.3352032396457034,0.1733219141419548,-0.2904732170192132,23.90762466839089,2023,"{""type"":""MultiPoint"",""coordinates"":[]}",2023-04,22.82,68.5,70.37,0.8660254037844387,-0.4999999999999998,0.3521272264060682,-0.3063513582899189,-0.2952843982108518,9.6,0.2,7.799999999999923,21.96,52.65,505.43999999999994,0
4,5,0.3064159803128473,0.1321257325519446,-0.2570669470910856,153.64942331018312,2023,"{""type"":""MultiPoint"",""coordinates"":[]}",2023-05,21.79,176.7,86.13,0.49999999999999994,-0.8660254037844387,0.3352032396457034,-0.2904732170192132,-0.3063513582899189,68.5,9.6,26.099999999999923,22.82,70.37,4820.345,0
5,6,0.1230523676772097,0.0254407906778109,-0.1157437987163644,380.5907246519584,2023,"{""type"":""MultiPoint"",""coordinates"":[]}",2023-06,20.73,177.7,90.93,1.2246467991473532e-16,-1.0,0.3064159803128473,-0.2570669470910856,-0.2904732170192132,176.7,68.5,84.93333333333325,21.79,86.13,15219.170999999998,1
6,7,0.0142836434693635,0.0709749719835636,-0.0266933168826233,721.7000811325034,2023,"{""type"":""MultiPoint"",""coordinates"":[]}",2023-07,19.0,732.5,97.06,-0.4999999999999997,-0.8660254037844388,0.1230523676772097,-0.1157437987163644,-0.2570669470910856,177.7,176.7,140.96666666666658,20.73,90.93,16158.261,1
7,8,0.1334361697842159,0.0937958408835965,-0.1246643217059851,174.686628466769,2023,"{""type"":""MultiPoint"",""coordinates"":[]}",2023-08,20.0,160.8,90.42,-0.8660254037844384,-0.5000000000000004,0.0142836434693635,-0.0266933168826233,-0.1157437987163644,732.5,177.7,362.2999999999999,19.0,97.06,71096.45,1
8,9,0.0796488571338113,0.071477620325863,-0.0792157472625509,123.88080136279508,2023,"{""type"":""MultiPoint"",""coordinates"":[]}",2023-09,19.87,239.0,92.93,-1.0,-1.8369701987210297e-16,0.1334361697842159,-0.1246643217059851,-0.0266933168826233,160.8,732.5,356.99999999999994,20.0,90.42,14539.536000000002,1
9,10,0.3229684631273397,0.1278158667972576,-0.2626283871585163,193.5791797691357,2023,"{""type"":""MultiPoint"",""coordinates"":[]}",2023-10,20.64,148.3,84.87,-0.8660254037844386,0.5000000000000001,0.0796488571338113,-0.0792157472625509,-0.1246643217059851,239.0,160.8,377.4333333333332,19.87,92.93,22210.27,0
10,11,0.2848916308978213,0.1247902955220028,-0.2373039079081875,154.4700812798061,2023,"{""type"":""MultiPoint"",""coordinates"":[]}",2023-11,20.6,63.1,81.1,-0.5000000000000004,0.8660254037844384,0.3229684631273397,-0.2626283871585163,-0.0792157472625509,148.3,239.0,182.69999999999993,20.64,84.87,12586.221000000001,0
11,12,0.2587875497119197,0.123196448390677,-0.2135938638783219,58.70874913678366,2023,"{""type"":""MultiPoint"",""coordinates"":[]}",2023-12,20.36,11.8,74.77,-2.4492935982947064e-16,1.0,0.2848916308978213,-0.2373039079081875,-0.2626283871585163,63.1,148.3,150.13333333333327,20.6,81.1,5117.41,0
0,1,0.3082108775288477,0.1345319280843149,-0.2484178483143628,31.719310081310866,2024,"{""type"":""MultiPoint"",""coordinates"":[]}",2024-01,20.22,16.6,72.32,0.49999999999999994,0.8660254037844387,0.2587875497119197,-0.2135938638783219,-0.2373039079081875,11.8,63.1,74.39999999999993,20.36,74.77,882.2860000000001,0
1,2,0.341104082011278,0.2154185022026431,-0.2884195361489702,3.626038691975629,2024,"{""type"":""MultiPoint"",""coordinates"":[]}",2024-02,21.9,0.6,58.38,0.8660254037844386,0.5000000000000001,0.3082108775288477,-0.2484178483143628,-0.2135938638783219,16.6,11.8,30.499999999999925,20.22,72.32,1200.512,0
2,3,0.3214418295300347,0.1395279354645951,-0.2723839713841534,2.7912594429934634,2024,"{""type"":""MultiPoint"",""coordinates"":[]}",2024-03,23.28,5.7,66.94,1.0,6.123233995736766e-17,0.341104082011278,-0.2884195361489702,-0.2484178483143628,0.6,16.6,9.666666666666591,21.9,58.38,35.028,0
3,4,0.3320368403455492,0.1093516582013743,-0.2877797641818403,27.69303627267153,2024,"{""type"":""MultiPoint"",""coordinates"":[]}",2024-04,24.36,26.5,72.3,0.8660254037844387,-0.4999999999999998,0.3214418295300347,-0.2723839713841534,-0.2884195361489702,5.7,0.6,7.633333333333258,23.28,66.94,381.558,0
4,5,0.2203326610720899,0.0792044250912086,-0.1917746850209081,270.6419273828077,2024,"{""type"":""MultiPoint"",""coordinates"":[]}",2024-05,22.3,379.3,88.06,0.49999999999999994,-0.8660254037844387,0.3320368403455492,-0.2877797641818403,-0.2723839713841534,26.5,5.7,10.933333333333257,24.36,72.3,1915.9499999999998,0
5,6,0.0802485281235857,0.0320319345730698,-0.0815030156233912,564.0578645702291,2024,"{""type"":""MultiPoint"",""coordinates"":[]}",2024-06,20.35,327.5,93.97,1.2246467991473532e-16,-1.0,0.2203326610720899,-0.1917746850209081,-0.2877797641818403,379.3,26.5,137.1666666666666,22.3,88.06,33401.158,1
6,7,0.0052107389526413,0.0230744231394215,-0.0193775974435629,995.753997957755,2024,"{""type"":""MultiPoint"",""coordinates"":[]}",2024-07,19.28,772.5,96.84,-0.4999999999999997,-0.8660254037844388,0.0802485281235857,-0.0815030156233912,-0.1917746850209081,327.5,379.3,244.43333333333325,20.35,93.97,30775.175,1
7,8,0.0302578283313878,0.0502645502645502,-0.0397751764084525,688.1324280881059,2024,"{""type"":""MultiPoint"",""coordinates"":[]}",2024-08,19.94,383.1,93.61,-0.8660254037844384,-0.5000000000000004,0.0052107389526413,-0.0193775974435629,-0.0815030156233912,772.5,327.5,493.0999999999999,19.28,96.84,74808.90000000001,1
8,9,0.0671888119512638,0.1724288125442369,-0.069294689240848,138.6739205518036,2024,"{""type"":""MultiPoint"",""coordinates"":[]}",2024-09,19.6,222.8,93.0,-1.0,-1.8369701987210297e-16,0.0302578283313878,-0.0397751764084525,-0.0193775974435629,383.1,772.5,494.3666666666666,19.94,93.61,35861.991,1
9,10,0.1140442738617433,0.1778306698401904,-0.1067986425558446,299.8550913200616,2024,"{""type"":""MultiPoint"",""coordinates"":[]}",2024-10,19.86,260.8,91.1,-0.8660254037844386,0.5000000000000001,0.0671888119512638,-0.069294689240848,-0.0397751764084525,222.8,383.1,459.46666666666664,19.6,93.0,20720.4,1
10,11,0.2361905384307956,0.1543156059285091,-0.1959371412179614,41.628293457173726,2024,"{""type"":""MultiPoint"",""coordinates"":[]}",2024-11,20.09,75.7,79.8,-0.5000000000000004,0.8660254037844384,0.1140442738617433,-0.1067986425558446,-0.069294689240848,260.8,222.8,288.8999999999999,19.86,91.1,23758.88,0
11,12,0.3398666801424878,0.1693875188144031,-0.2788502135892328,68.5731600011688,2024,"{""type"":""MultiPoint"",""coordinates"":[]}",2024-12,19.74,60.3,81.71,-2.4492935982947064e-16,1.0,0.2361905384307956,-0.1959371412179614,-0.1067986425558446,75.7,260.8,186.43333333333328,20.09,79.8,6040.86,0
0,1,0.3525561502072256,0.1980066445182724,-0.2941886128706316,7.969854734106057,2025,"{""type"":""MultiPoint"",""coordinates"":[]}",2025-01,19.76,3.4,65.9,0.49999999999999994,0.8660254037844387,0.3398666801424878,-0.2788502135892328,-0.1959371412179614,60.3,75.7,132.2666666666666,19.74,81.71,4927.112999999999,0
1,2,0.3448918135116595,0.2190520018407731,-0.2921764579922853,5.219042733683665,2025,"{""type"":""MultiPoint"",""coordinates"":[]}",2025-02,21.76,0.9,53.25,0.8660254037844386,0.5000000000000001,0.3525561502072256,-0.2941886128706316,-0.2788502135892328,3.4,60.3,46.46666666666659,19.76,65.9,224.06,0
2,3,0.3283197144639085,0.1388416638331633,-0.2753111262143999,90.72192598688726,2025,"{""type"":""MultiPoint"",""coordinates"":[]}",2025-03,22.93,32.5,70.32,1.0,6.123233995736766e-17,0.3448918135116595,-0.2921764579922853,-0.2941886128706316,0.9,3.4,21.533333333333257,21.76,53.25,47.925000000000004,0
3,4,0.3401423996954333,0.1089377886443901,-0.2815203334023902,139.35039108434873,2025,"{""type"":""MultiPoint"",""coordinates"":[]}",2025-04,22.1,133.7,82.73,0.8660254037844387,-0.4999999999999998,0.3283197144639085,-0.2753111262143999,-0.2921764579922853,32.5,0.9,12.26666666666659,22.93,70.32,2285.3999999999996,0
4,5,0.075178708400088,0.2150362907593976,-0.0761990771502196,328.72236685629895,2025,"{""type"":""MultiPoint"",""coordinates"":[]}",2025-05,20.81,610.8,90.26,0.49999999999999994,-0.8660254037844387,0.3401423996954333,-0.2815203334023902,-0.2753111262143999,133.7,32.5,55.699999999999925,22.1,82.73,11061.001,1
5,6,0.0791832550636565,0.0882146790828076,-0.0821995696171505,466.7464767203364,2025,"{""type"":""MultiPoint"",""coordinates"":[]}",2025-06,19.61,359.5,94.27,1.2246467991473532e-16,-1.0,0.075178708400088,-0.0761990771502196,-0.2815203334023902,610.8,133.7,258.99999999999994,20.81,90.26,55130.808,1
6,7,-0.003339461647073,0.0343603897932743,-0.0126459861690012,576.0065179722377,2025,"{""type"":""MultiPoint"",""coordinates"":[]}",2025-07,18.75,773.5,97.32,-0.4999999999999997,-0.8660254037844388,0.0791832550636565,-0.0821995696171505,-0.0761990771502196,359.5,610.8,367.99999999999994,19.61,94.27,33890.064999999995,1
7,8,0.006657214499794,0.0737487801477763,-0.0202312015199716,846.5883611770217,2025,"{""type"":""MultiPoint"",""coordinates"":[]}",2025-08,18.97,568.9,95.16,-0.8660254037844384,-0.5000000000000004,-0.003339461647073,-0.0126459861690012,-0.0821995696171505,773.5,359.5,581.2666666666665,18.75,97.32,75277.01999999999,1
8,9,0.0359514776218146,0.0360212584476084,-0.0443535883981015,111.68538855515092,2025,"{""type"":""MultiPoint"",""coordinates"":[]}",2025-09,19.24,230.4,93.5,-1.0,-1.8369701987210297e-16,0.006657214499794,-0.0202312015199716,-0.0126459861690012,568.9,773.5,567.2999999999998,18.97,95.16,54136.524,1
9,10,0.1048271728752935,0.1773265283961342,-0.0978578511279228,255.9104658788588,2025,"{""type"":""MultiPoint"",""coordinates"":[]}",2025-10,20.06,220.7,89.13,-0.8660254037844386,0.5000000000000001,0.0359514776218146,-0.0443535883981015,-0.0202312015199716,230.4,568.9,524.2666666666665,19.24,93.5,21542.4,1
10,11,0.3735282944721886,0.1920453453741954,-0.3052440143144106,40.58664232118922,2025,"{""type"":""MultiPoint"",""coordinates"":[]}",2025-11,19.65,23.6,81.13,-0.5000000000000004,0.8660254037844384,0.1048271728752935,-0.0978578511279228,-0.0443535883981015,220.7,230.4,339.99999999999994,20.06,89.13,19670.990999999998,0
11,12,0.3512129134848297,0.1523783185840708,-0.2903320633160726,22.572264700405896,2025,"{""type"":""MultiPoint"",""coordinates"":[]}",2025-12,18.35,9.0,71.87,-2.4492935982947064e-16,1.0,0.3735282944721886,-0.3052440143144106,-0.0978578511279228,23.6,220.7,158.23333333333326,19.65,81.13,1914.6680000000001,0
