system:index,month,ndvi_mean,ndwi_max,ndwi_mean,rainfall_mm_x,year,.geo,year_month,temperature_c,rainfall_mm_y,humidity_percent
0,1.0,0.4814608333615609,0.2574525745257452,-0.3777200793378241,4.669378301649447,2018,"{""type"":""MultiPoint"",""coordinates"":[]}",2018-01,19.44,1.4,66.03
1,2.0,0.5338328007378412,0.4136664217487142,-0.4490735818339548,6.414091284210813,2018,"{""type"":""MultiPoint"",""coordinates"":[]}",2018-02,20.78,7.8,56.93
2,3.0,0.4364197054341022,0.3025871766029246,-0.3654748295532759,33.77490323854315,2018,"{""type"":""MultiPoint"",""coordinates"":[]}",2018-03,22.13,34.1,67.19
3,4.0,0.4029918204314445,0.1768433179723502,-0.3342063462815173,99.69645703589276,2018,"{""type"":""MultiPoint"",""coordinates"":[]}",2018-04,22.23,150.6,82.77
4,5.0,0.3996647868947321,0.0854826823876197,-0.3362644645721531,353.4428574405455,2018,"{""type"":""MultiPoint"",""coordinates"":[]}",2018-05,21.26,401.1,90.39
5,6.0,0.0444817345420057,0.0548656284907024,-0.0552380384178028,847.522451425716,2018,"{""type"":""MultiPoint"",""coordinates"":[]}",2018-06,19.66,727.2,96.43
6,7.0,0.0056542520299515,0.0846733156930592,-0.0229805124072133,808.2678659743007,2018,"{""type"":""MultiPoint"",""coordinates"":[]}",2018-07,18.94,835.1,97.16
7,8.0,0.0167253425994276,0.0313146084413292,-0.0332923214139912,694.0480619701865,2018,"{""type"":""MultiPoint"",""coordinates"":[]}",2018-08,18.44,752.2,96.58
8,9.0,0.3755676508437143,0.5960334029227558,-0.3214683913477144,129.7878114112933,2018,"{""type"":""MultiPoint"",""coordinates"":[]}",2018-09,19.5,129.8,88.23
9,10.0,0.2956755979781755,0.3517191977077364,-0.2463522700986774,189.60169235696748,2018,"{""type"":""MultiPoint"",""coordinates"":[]}",2018-10,20.15,225.9,82.32
10,11.0,0.3264526027742118,0.2819383259911894,-0.2768249585947845,20.89769555156819,2018,"{""type"":""MultiPoint"",""coordinates"":[]}",2018-11,20.16,91.5,76.37
11,12.0,0.5178916825557879,0.3896894012167787,-0.410478899020588,32.00030188926208,2018,"{""type"":""MultiPoint"",""coordinates"":[]}",2018-12,19.66,16.4,77.23
0,1.0,0.5533826867478319,0.5115661736822147,-0.4539658360978605,4.593608167279308,2019,"{""type"":""MultiPoint"",""coordinates"":[]}",2019-01,18.75,2.0,60.94
1,2.0,0.5136934634226774,0.4668101901686401,-0.4223584012493295,4.119710998673201,2019,"{""type"":""MultiPoint"",""coordinates"":[]}",2019-02,21.05,26.3,63.07
2,3.0,0.5358267372783626,0.3904761904761905,-0.4544524364049186,5.195833727196612,2019,"{""type"":""MultiPoint"",""coordinates"":[]}",2019-03,22.45,25.9,67.03
3,4.0,0.5374630737461683,0.2917857142857142,-0.4476868352551255,60.6466641041503,2019,"{""type"":""MultiPoint"",""coordinates"":[]}",2019-04,22.63,97.8,80.6
4,5.0,0.5121011332983753,0.1929140832595217,-0.4240512928147872,128.56276436657734,2019,"{""type"":""MultiPoint"",""coordinates"":[]}",2019-05,22.15,129.5,86.68
5,6.0,0.1866116611592132,0.0958333333333333,-0.1734136746498081,406.9044801516556,2019,"{""type"":""MultiPoint"",""coordinates"":[]}",2019-06,20.72,311.2,93.0
6,7.0,0.0202130912972796,0.0818904342889582,-0.0328161775468909,503.478952316184,2019,"{""type"":""MultiPoint"",""coordinates"":[]}",2019-07,19.32,690.6,96.68
7,8.0,0.0424094303290255,0.1374545454545454,-0.0521158507745922,1041.8887955037346,2019,"{""type"":""MultiPoint"",""coordinates"":[]}",2019-08,19.15,561.8,96.77
8,9.0,0.0777793290229155,0.2432900432900432,-0.0813139028784396,214.1224788191097,2019,"{""type"":""MultiPoint"",""coordinates"":[]}",2019-09,19.65,434.3,94.17
9,10.0,0.2949670214731346,0.2237707073363134,-0.2502835597639104,295.375774993637,2019,"{""type"":""MultiPoint"",""coordinates"":[]}",2019-10,19.69,512.6,93.0
10,11.0,0.5199787817293553,0.4437367303609342,-0.4132940007587432,70.22675338035602,2019,"{""type"":""MultiPoint"",""coordinates"":[]}",2019-11,20.23,100.1,83.77
11,12.0,0.523943633620256,0.3920668058455114,-0.4184142811538328,45.643214161296015,2019,"{""type"":""MultiPoint"",""coordinates"":[]}",2019-12,19.77,54.1,79.94
0,1.0,0.6049679431065331,0.5143866733972741,-0.4858891634607624,4.677958975147611,2020,"{""type"":""MultiPoint"",""coordinates"":[]}",2020-01,20.2,4.3,72.9
1,2.0,0.5362432374629567,0.3725202057310801,-0.433099920668302,5.760003438547259,2020,"{""type"":""MultiPoint"",""coordinates"":[]}",2020-02,21.02,7.3,66.9
2,3.0,0.5337237090324153,0.3241330502476999,-0.4468616755172359,9.148303080167818,2020,"{""type"":""MultiPoint"",""coordinates"":[]}",2020-03,22.13,34.5,73.16
3,4.0,0.5014495793318338,0.2668203730874031,-0.4158616002133076,75.15369509873095,2020,"{""type"":""MultiPoint"",""coordinates"":[]}",2020-04,22.45,120.6,82.43
4,5.0,0.388576465780181,0.1030126336248785,-0.3295141974747858,194.2589772182984,2020,"{""type"":""MultiPoint"",""coordinates"":[]}",2020-05,22.25,144.7,88.9
5,6.0,0.2038934985000005,0.3001255755546254,-0.1852481158958106,583.8109798911364,2020,"{""type"":""MultiPoint"",""coordinates"":[]}",2020-06,20.13,299.2,94.27
6,7.0,0.0754520854394597,0.0350052485053169,-0.0815567097607564,866.0660925242806,2020,"{""type"":""MultiPoint"",""coordinates"":[]}",2020-07,19.68,438.8,94.55
7,8.0,0.0282406015312438,0.0274267802918993,-0.0416958841648195,716.6961503267927,2020,"{""type"":""MultiPoint"",""coordinates"":[]}",2020-08,19.4,594.8,94.42
8,9.0,0.1366961589214732,0.3417976622329706,-0.130720362941661,434.8865785812668,2020,"{""type"":""MultiPoint"",""coordinates"":[]}",2020-09,19.49,544.2,94.57
9,10.0,0.2415935625795346,0.3438556933483653,-0.2093702680441678,169.61643466587265,2020,"{""type"":""MultiPoint"",""coordinates"":[]}",2020-10,19.52,201.9,89.9
10,11.0,0.5003326237507334,0.4610136452241715,-0.4017690144260566,48.08405003556953,2020,"{""type"":""MultiPoint"",""coordinates"":[]}",2020-11,20.05,74.0,79.57
11,12.0,0.530980459513725,0.3887850467289719,-0.4334708395078274,24.36667419604792,2020,"{""type"":""MultiPoint"",""coordinates"":[]}",2020-12,19.77,31.6,75.52
0,1.0,0.5373927566214396,0.3343202566000493,-0.4324894998667415,37.52323563508679,2021,"{""type"":""MultiPoint"",""coordinates"":[]}",2021-01,19.49,81.7,77.55
1,2.0,0.5742519151059469,0.3987941429801895,-0.4647134521502475,8.336375057435344,2021,"{""type"":""MultiPoint"",""coordinates"":[]}",2021-02,19.63,20.8,70.36
2,3.0,0.5490000439202173,0.3318402388951101,-0.452731175328794,21.278170325595017,2021,"{""type"":""MultiPoint"",""coordinates"":[]}",2021-03,22.06,12.1,68.29
3,4.0,0.5113251806763466,0.2991568296795953,-0.4196976190220092,95.8309331247909,2021,"{""type"":""MultiPoint"",""coordinates"":[]}",2021-04,21.66,166.7,85.87
4,5.0,0.187748430086331,0.1795302013422818,-0.1705139510867173,258.65845326159854,2021,"{""type"":""MultiPoint"",""coordinates"":[]}",2021-05,20.78,349.5,92.1
5,6.0,0.1717620635290474,0.1416490486257928,-0.161922197192816,357.18820892653747,2021,"{""type"":""MultiPoint"",""coordinates"":[]}",2021-06,19.77,366.9,93.43
6,7.0,0.0406675517698451,0.047911787665886,-0.0509665807280841,855.0516509394386,2021,"{""type"":""MultiPoint"",""coordinates"":[]}",2021-07,19.13,842.6,96.48
7,8.0,0.020475492287104,0.0362446268073466,-0.0336604951535016,512.0630292046335,2021,"{""type"":""MultiPoint"",""coordinates"":[]}",2021-08,19.21,484.2,95.29
8,9.0,0.0674380144867269,0.1456410256410256,-0.0727282192832529,182.80515575542,2021,"{""type"":""MultiPoint"",""coordinates"":[]}",2021-09,19.42,348.1,94.1
9,10.0,0.0692517960044604,0.0948952879581151,-0.0744246537795397,472.6085100586369,2021,"{""type"":""MultiPoint"",""coordinates"":[]}",2021-10,20.07,274.9,91.13
10,11.0,0.1016645211291973,0.0630438643225004,-0.0973696260249858,174.9437069010255,2021,"{""type"":""MultiPoint"",""coordinates"":[]}",2021-11,19.39,262.3,89.93
11,12.0,0.5255167023461463,0.3979410720624778,-0.4131843768114809,20.83445758191448,2021,"{""type"":""MultiPoint"",""coordinates"":[]}",2021-12,19.42,20.0,76.26
0,1.0,0.4808802689161577,0.3316677076826983,-0.3803025280493165,7.304357335928112,2022,"{""type"":""MultiPoint"",""coordinates"":[]}",2022-01,19.64,3.2,68.87
1,2.0,0.3370793046311445,0.1636700648748841,-0.2824756533170984,4.231477437492248,2022,"{""type"":""MultiPoint"",""coordinates"":[]}",2022-02,20.79,3.1,64.54
2,3.0,0.2918636737517328,0.1250334672021419,-0.2468169618222777,31.632604989497125,2022,"{""type"":""MultiPoint"",""coordinates"":[]}",2022-03,21.92,85.1,68.48
3,4.0,0.3142718151950437,0.0979486482814834,-0.26243263284706,154.41826787151268,2022,"{""type"":""MultiPoint"",""coordinates"":[]}",2022-04,22.08,132.6,84.43
4,5.0,0.1950896156092292,0.0775652173913043,-0.1708962055473271,231.06843719241817,2022,"{""type"":""MultiPoint"",""coordinates"":[]}",2022-05,20.4,350.5,92.74
5,6.0,0.0558316442057456,0.0322173089071383,-0.0614803742954257,402.60313114295,2022,"{""type"":""MultiPoint"",""coordinates"":[]}",2022-06,19.89,275.0,92.77
6,7.0,0.0443708572788101,0.0993319268635724,-0.0524480587696288,1091.505423169203,2022,"{""type"":""MultiPoint"",""coordinates"":[]}",2022-07,18.88,679.1,96.03
7,8.0,0.0387148647463888,0.0303152925307705,-0.0463947581915753,914.530583499939,2022,"{""type"":""MultiPoint"",""coordinates"":[]}",2022-08,18.99,519.6,94.52
8,9.0,0.1157048686093558,0.1033700215590604,-0.1108447193873128,195.3132204242351,2022,"{""type"":""MultiPoint"",""coordinates"":[]}",2022-09,19.42,260.9,91.93
9,10.0,0.2221316558555054,0.1688980432543769,-0.1910830441663324,166.69918100243177,2022,"{""type"":""MultiPoint"",""coordinates"":[]}",2022-10,19.43,233.3,86.9
10,11.0,0.1457697360541158,0.0899886090368307,-0.1285256559544619,50.08613694297647,2022,"{""type"":""MultiPoint"",""coordinates"":[]}",2022-11,19.3,67.8,80.6
11,12.0,0.1926830941484265,0.2330149189653322,-0.165541858063172,56.12421502935626,2022,"{""type"":""MultiPoint"",""coordinates"":[]}",2022-12,19.06,51.3,75.29
0,1.0,0.350420121497791,0.1983805668016194,-0.291226711621798,5.226845633863117,2023,"{""type"":""MultiPoint"",""coordinates"":[]}",2023-01,18.82,13.6,63.74
1,2.0,0.3478808297105244,0.206266318537859,-0.2952843982108518,4.30824549452082,2023,"{""type"":""MultiPoint"",""coordinates"":[]}",2023-02,20.71,0.2,54.07
2,3.0,0.3521272264060682,0.1851924587588373,-0.3063513582899189,6.36062011173223,2023,"{""type"":""MultiPoint"",""coordinates"":[]}",2023-03,21.96,9.6,52.65
3,4.0,0.3352032396457034,0.1733219141419548,-0.2904732170192132,23.90762466839089,2023,"{""type"":""MultiPoint"",""coordinates"":[]}",2023-04,22.82,68.5,70.37
4,5.0,0.3064159803128473,0.1321257325519446,-0.2570669470910856,153.64942331018312,2023,"{""type"":""MultiPoint"",""coordinates"":[]}",2023-05,21.79,176.7,86.13
5,6.0,0.1230523676772097,0.0254407906778109,-0.1157437987163644,380.5907246519584,2023,"{""type"":""MultiPoint"",""coordinates"":[]}",2023-06,20.73,177.7,90.93
6,7.0,0.0142836434693635,0.0709749719835636,-0.0266933168826233,721.7000811325034,2023,"{""type"":""MultiPoint"",""coordinates"":[]}",2023-07,19.0,732.5,97.06
7,8.0,0.1334361697842159,0.0937958408835965,-0.1246643217059851,174.686628466769,2023,"{""type"":""MultiPoint"",""coordinates"":[]}",2023-08,20.0,160.8,90.42
8,9.0,0.0796488571338113,0.071477620325863,-0.0792157472625509,123.88080136279508,2023,"{""type"":""MultiPoint"",""coordinates"":[]}",2023-09,19.87,239.0,92.93
9,10.0,0.3229684631273397,0.1278158667972576,-0.2626283871585163,193.5791797691357,2023,"{""type"":""MultiPoint"",""coordinates"":[]}",2023-10,20.64,148.3,84.87
10,11.0,0.2848916308978213,0.1247902955220028,-0.2373039079081875,154.4700812798061,2023,"{""type"":""MultiPoint"",""coordinates"":[]}",2023-11,20.6,63.1,81.1
11,12.0,0.2587875497119197,0.123196448390677,-0.2135938638783219,58.70874913678366,2023,"{""type"":""MultiPoint"",""coordinates"":[]}",2023-12,20.36,11.8,74.77
0,1.0,0.3082108775288477,0.1345319280843149,-0.2484178483143628,31.719310081310866,2024,"{""type"":""MultiPoint"",""coordinates"":[]}",2024-01,20.22,16.6,72.32
1,2.0,0.341104082011278,0.2154185022026431,-0.2884195361489702,3.626038691975629,2024,"{""type"":""MultiPoint"",""coordinates"":[]}",2024-02,21.9,0.6,58.38
2,3.0,0.3214418295300347,0.1395279354645951,-0.2723839713841534,2.7912594429934634,2024,"{""type"":""MultiPoint"",""coordinates"":[]}",2024-03,23.28,5.7,66.94
3,4.0,0.3320368403455492,0.1093516582013743,-0.2877797641818403,27.69303627267153,2024,"{""type"":""MultiPoint"",""coordinates"":[]}",2024-04,24.36,26.5,72.3
4,5.0,0.2203326610720899,0.0792044250912086,-0.1917746850209081,270.6419273828077,2024,"{""type"":""MultiPoint"",""coordinates"":[]}",2024-05,22.3,379.3,88.06
5,6.0,0.0802485281235857,0.0320319345730698,-0.0815030156233912,564.0578645702291,2024,"{""type"":""MultiPoint"",""coordinates"":[]}",2024-06,20.35,327.5,93.97
6,7.0,0.0052107389526413,0.0230744231394215,-0.0193775974435629,995.753997957755,2024,"{""type"":""MultiPoint"",""coordinates"":[]}",2024-07,19.28,772.5,96.84
7,8.0,0.0302578283313878,0.0502645502645502,-0.0397751764084525,688.1324280881059,2024,"{""type"":""MultiPoint"",""coordinates"":[]}",2024-08,19.94,383.1,93.61
8,9.0,0.0671888119512638,0.1724288125442369,-0.069294689240848,138.6739205518036,2024,"{""type"":""MultiPoint"",""coordinates"":[]}",2024-09,19.6,222.8,93.0
9,10.0,0.1140442738617433,0.1778306698401904,-0.1067986425558446,299.8550913200616,2024,"{""type"":""MultiPoint"",""coordinates"":[]}",2024-10,19.86,260.8,91.1
10,11.0,0.2361905384307956,0.1543156059285091,-0.1959371412179614,41.628293457173726,2024,"{""type"":""MultiPoint"",""coordinates"":[]}",2024-11,20.09,75.7,79.8
11,12.0,0.3398666801424878,0.1693875188144031,-0.2788502135892328,68.5731600011688,2024,"{""type"":""MultiPoint"",""coordinates"":[]}",2024-12,19.74,60.3,81.71
0,1.0,0.3525561502072256,0.1980066445182724,-0.2941886128706316,7.969854734106057,2025,"{""type"":""MultiPoint"",""coordinates"":[]}",2025-01,19.76,3.4,65.9
1,2.0,0.3448918135116595,0.2190520018407731,-0.2921764579922853,5.219042733683665,2025,"{""type"":""MultiPoint"",""coordinates"":[]}",2025-02,21.76,0.9,53.25
2,3.0,0.3283197144639085,0.1388416638331633,-0.2753111262143999,90.72192598688726,2025,"{""type"":""MultiPoint"",""coordinates"":[]}",2025-03,22.93,32.5,70.32
3,4.0,0.3401423996954333,0.1089377886443901,-0.2815203334023902,139.35039108434873,2025,"{""type"":""MultiPoint"",""coordinates"":[]}",2025-04,22.1,133.7,82.73
4,5.0,0.075178708400088,0.2150362907593976,-0.0761990771502196,328.72236685629895,2025,"{""type"":""MultiPoint"",""coordinates"":[]}",2025-05,20.81,610.8,90.26
5,6.0,0.0791832550636565,0.0882146790828076,-0.0821995696171505,466.7464767203364,2025,"{""type"":""MultiPoint"",""coordinates"":[]}",2025-06,19.61,359.5,94.27
6,7.0,-0.003339461647073,0.0343603897932743,-0.0126459861690012,576.0065179722377,2025,"{""type"":""MultiPoint"",""coordinates"":[]}",2025-07,18.75,773.5,97.32
7,8.0,0.006657214499794,0.0737487801477763,-0.0202312015199716,846.5883611770217,2025,"{""type"":""MultiPoint"",""coordinates"":[]}",2025-08,18.97,568.9,95.16
8,9.0,0.0359514776218146,0.0360212584476084,-0.0443535883981015,111.68538855515092,2025,"{""type"":""MultiPoint"",""coordinates"":[]}",2025-09,19.24,230.4,93.5
9,10.0,0.1048271728752935,0.1773265283961342,-0.0978578511279228,255.9104658788588,2025,"{""type"":""MultiPoint"",""coordinates"":[]}",2025-10,20.06,220.7,89.13
10,11.0,0.3735282944721886,0.1920453453741954,-0.3052440143144106,40.58664232118922,2025,"{""type"":""MultiPoint"",""coordinates"":[]}",2025-11,19.65,23.6,81.13
11,12.0,0.3512129134848297,0.1523783185840708,-0.2903320633160726,22.572264700405896,2025,"{""type"":""MultiPoint"",""coordinates"":[]}",2025-12,18.35,9.0,71.87
